alexandria, ghcr.io/ocicl/alexandria@sha256:e433c2e076ed3bcf8641b97b00192680db2201d305efac9293539dee88c7fbf7, alexandria-20240503-8514d8e/alexandria.asd
atomics, ghcr.io/ocicl/atomics@sha256:47645f75191931211547cdcf578a40b24019d58f48c83d93e9055aec79c877fd, atomics-20260218-ce398c4/atomics.asd
atomics-test, ghcr.io/ocicl/atomics@sha256:47645f75191931211547cdcf578a40b24019d58f48c83d93e9055aec79c877fd, atomics-20260218-ce398c4/atomics-test.asd
binding-arrows, ghcr.io/ocicl/binding-arrows@sha256:f33632149b3fc8884e7bd6bf25ce307ffd4255cd5b62bfb30a4700c7b7ffde3f, binding-arrows-20240503-46bcba8/binding-arrows.asd
blackbird, ghcr.io/ocicl/blackbird@sha256:551b80d402a61db1a41186e6ecc70be82fd83d281465341ac423ca6fc3bfe418, blackbird-20240503-1ec17c5/blackbird.asd
blackbird-test, ghcr.io/ocicl/blackbird@sha256:551b80d402a61db1a41186e6ecc70be82fd83d281465341ac423ca6fc3bfe418, blackbird-20240503-1ec17c5/blackbird-test.asd
bordeaux-threads, ghcr.io/ocicl/bordeaux-threads@sha256:bbb32afe3987e102149cc019f4f7366a05f7a37d1503f5f86a27745e671c320a, bordeaux-threads-0.9.4/bordeaux-threads.asd
cl-change-case, ghcr.io/ocicl/cl-change-case@sha256:f5d0e45f9ea8ae25b63251320269e62ac78d8fb6d23da1fba78e542081740a91, cl-change-case-1.0/cl-change-case.asd
cl-postgres_plus_local-time, ghcr.io/ocicl/local-time@sha256:15dc0e56d0ff55bd2a3c597e67be1c26bd0677c230a15ad5098c5207a9df5554, local-time-20250808-c28f38e/cl-postgres+local-time.asd
cl-postgres_plus_local-time-duration, ghcr.io/ocicl/local-time-duration@sha256:69c9f2809dbaf05e94d8b5cdb75a883b2891018c4448f0414fb89d11040b131b, local-time-duration-20240503-fa20a4a/cl-postgres+local-time-duration.asd
cl-ppcre, ghcr.io/ocicl/cl-ppcre@sha256:bf073924cf4fd5957a4fd961a95d446ed0e53fa32a5002cbd2d52182874f45e5, cl-ppcre-20250606-a2ea581/cl-ppcre.asd
cl-ppcre-unicode, ghcr.io/ocicl/cl-ppcre@sha256:bf073924cf4fd5957a4fd961a95d446ed0e53fa32a5002cbd2d52182874f45e5, cl-ppcre-20250606-a2ea581/cl-ppcre-unicode.asd
cl-speedy-queue, ghcr.io/ocicl/cl-speedy-queue@sha256:11c3c23233ae74fe439147e4e392a2f57d26c7e7aa0498283fe97dfd7e52417d, cl-speedy-queue-20230808-0425c7c/cl-speedy-queue.asd
cl-unicode, ghcr.io/ocicl/cl-unicode@sha256:d98f12c1271fb3c1812a27d64dfbe95b0bc5bcfd545b71b8101874e61270b120, cl-unicode-20240503-07e7ff5/cl-unicode.asd
closer-mop, ghcr.io/ocicl/closer-mop@sha256:39ec579e68118a8be57a7882812ff31094a031f88b77f11cf4434a92261f1126, closer-mop-20260329-04db182/closer-mop.asd
com.inuoe.jzon, ghcr.io/ocicl/com.inuoe.jzon@sha256:b0cfbc3d8fb3c09526d92575b40b13a68ad93be7edeb48fd69dcea053c5611a5, jzon-20251113-f05afbb/com.inuoe.jzon.asd
com.inuoe.jzon-tests, ghcr.io/ocicl/com.inuoe.jzon@sha256:b0cfbc3d8fb3c09526d92575b40b13a68ad93be7edeb48fd69dcea053c5611a5, jzon-20251113-f05afbb/com.inuoe.jzon-tests.asd
documentation-utils, ghcr.io/ocicl/documentation-utils@sha256:b2a1b3f3bcd1a738af85ae2b0168d408c177661eab6d6bbebb254e394d983f54, documentation-utils-20230511-98630dd/documentation-utils.asd
esrap, ghcr.io/ocicl/esrap@sha256:d1748dc272d987937d759d2376dc18027efb1ed84c4b3561a367be3b4233183a, esrap-20251010-54debc5/esrap.asd
fiveam, ghcr.io/ocicl/fiveam@sha256:e283043dc8d31e8df2b214465cf5a06ea07bdbea10e600a40e17aaf9518226ac, fiveam-20240928-e43d6c8/fiveam.asd
flexi-streams, ghcr.io/ocicl/flexi-streams@sha256:95005b06a8a95c82780c75ead53810bcb273d07fcf5fe76b527f1856df9923f2, flexi-streams-20240503-4951d57/flexi-streams.asd
flexi-streams-test, ghcr.io/ocicl/flexi-streams@sha256:95005b06a8a95c82780c75ead53810bcb273d07fcf5fe76b527f1856df9923f2, flexi-streams-20240503-4951d57/flexi-streams-test.asd
float-features, ghcr.io/ocicl/float-features@sha256:584413c7c013aa8bad9fc78360e25eb4030c4ad0936f589a5a7c04d33a5f5799, float-features-20260218-daecae2/float-features.asd
global-vars, ghcr.io/ocicl/global-vars@sha256:d197e871c9c9abc4bf31b1186f5fd28f0ca848ebe2e9dddf2d82ecee01dbdc65, global-vars-20240503-c749f32/global-vars.asd
global-vars-test, ghcr.io/ocicl/global-vars@sha256:d197e871c9c9abc4bf31b1186f5fd28f0ca848ebe2e9dddf2d82ecee01dbdc65, global-vars-20240503-c749f32/global-vars-test.asd
local-time, ghcr.io/ocicl/local-time@sha256:15dc0e56d0ff55bd2a3c597e67be1c26bd0677c230a15ad5098c5207a9df5554, local-time-20250808-c28f38e/local-time.asd
local-time-duration, ghcr.io/ocicl/local-time-duration@sha256:69c9f2809dbaf05e94d8b5cdb75a883b2891018c4448f0414fb89d11040b131b, local-time-duration-20240503-fa20a4a/local-time-duration.asd
local-time-duration-tests, ghcr.io/ocicl/local-time-duration@sha256:69c9f2809dbaf05e94d8b5cdb75a883b2891018c4448f0414fb89d11040b131b, local-time-duration-20240503-fa20a4a/tests/local-time-duration-tests.asd
log4cl, ghcr.io/ocicl/log4cl@sha256:bd33f6e5ad346892e852492e7101bc18d263f9ef2ba6192178568d1b20337112, log4cl-20240503-fe3da51/log4cl.asd
log4cl-examples, ghcr.io/ocicl/log4cl@sha256:bd33f6e5ad346892e852492e7101bc18d263f9ef2ba6192178568d1b20337112, log4cl-20240503-fe3da51/log4cl-examples.asd
log4cl.log4slime, ghcr.io/ocicl/log4cl@sha256:bd33f6e5ad346892e852492e7101bc18d263f9ef2ba6192178568d1b20337112, log4cl-20240503-fe3da51/log4cl.log4slime.asd
log4cl.log4sly, ghcr.io/ocicl/log4cl@sha256:bd33f6e5ad346892e852492e7101bc18d263f9ef2ba6192178568d1b20337112, log4cl-20240503-fe3da51/log4cl.log4sly.asd
multilang-documentation-utils, ghcr.io/ocicl/documentation-utils@sha256:b2a1b3f3bcd1a738af85ae2b0168d408c177661eab6d6bbebb254e394d983f54, documentation-utils-20230511-98630dd/multilang-documentation-utils.asd
sento, ghcr.io/ocicl/sento@sha256:89a086dc7c57bcbed5c462327e9b189f35fbc0570ba1d636b17c454ef3fe718c, cl-gserver-3.4.2/sento.asd
str, ghcr.io/ocicl/str@sha256:685078f7554071268bca9e933392904940d6751077718a4aafaf3d0424003f26, cl-str-20250905-69ef8b4/str.asd
str.test, ghcr.io/ocicl/str@sha256:685078f7554071268bca9e933392904940d6751077718a4aafaf3d0424003f26, cl-str-20250905-69ef8b4/str.test.asd
timer-wheel, ghcr.io/ocicl/timer-wheel@sha256:4a3ac1c9f78f6c9c1400ba967c5f99edb9dba4bf95c8379bb715a8f1fdbb7639, timer-wheel-20240503-6cdcb93/timer-wheel.asd
timer-wheel.examples, ghcr.io/ocicl/timer-wheel@sha256:4a3ac1c9f78f6c9c1400ba967c5f99edb9dba4bf95c8379bb715a8f1fdbb7639, timer-wheel-20240503-6cdcb93/timer-wheel.examples.asd
timer-wheel.test, ghcr.io/ocicl/timer-wheel@sha256:4a3ac1c9f78f6c9c1400ba967c5f99edb9dba4bf95c8379bb715a8f1fdbb7639, timer-wheel-20240503-6cdcb93/timer-wheel.test.asd
trivial-features, ghcr.io/ocicl/trivial-features@sha256:e278e24d39060fc7d3715531b16ddd9ab7f93f22ade53e436c0b86dbae3aa065, trivial-features-1.0/trivial-features.asd
trivial-features-tests, ghcr.io/ocicl/trivial-features@sha256:e278e24d39060fc7d3715531b16ddd9ab7f93f22ade53e436c0b86dbae3aa065, trivial-features-1.0/trivial-features-tests.asd
trivial-garbage, ghcr.io/ocicl/trivial-garbage@sha256:a85dcf4110ad60ae9f6c70970acceb2bf12402ce5326891643d35506059afb1d, trivial-garbage-20240503-3474f64/trivial-garbage.asd
trivial-gray-streams, ghcr.io/ocicl/trivial-gray-streams@sha256:d0cc9fb73876100ee60647524f98b5b22566fa1c3a985d79548b0d2b228f8b51, trivial-gray-streams-20240503-a7ead68/trivial-gray-streams.asd
trivial-gray-streams-test, ghcr.io/ocicl/trivial-gray-streams@sha256:d0cc9fb73876100ee60647524f98b5b22566fa1c3a985d79548b0d2b228f8b51, trivial-gray-streams-20240503-a7ead68/trivial-gray-streams-test.asd
trivial-indent, ghcr.io/ocicl/trivial-indent@sha256:2969bd1dc3cefd22fd1b0c5aeec664d4217a2593fe03bb043d8b6958aabc8b2a, trivial-indent-20250813-87b35ff/trivial-indent.asd
trivial-with-current-source-form, ghcr.io/ocicl/trivial-with-current-source-form@sha256:955baad39fb52d9d02af21ea36442c9675419c2486392279f669ada9788f3e3b, trivial-with-current-source-form-20240503-dc3fff9/trivial-with-current-source-form.asd
vom, ghcr.io/ocicl/vom@sha256:f8c3898b00ba064be339b7e0e0407aa7a0e6f029017ba63dcd5ada7816a7b87c, vom-20240815-303c3f6/vom.asd
